node,feature
0,original_shape_Elongation
1,original_shape_Flatness
2,original_shape_LeastAxisLength
3,original_shape_MajorAxisLength
4,original_shape_Maximum2DDiameterColumn
5,original_shape_Maximum2DDiameterRow
6,original_shape_Maximum2DDiameterSlice
7,original_shape_Maximum3DDiameter
8,original_shape_MeshVolume
9,original_shape_MinorAxisLength
10,original_shape_Sphericity
11,original_shape_SurfaceArea
12,original_shape_SurfaceVolumeRatio
13,original_shape_VoxelVolume
14,original_firstorder_10Percentile
15,original_firstorder_90Percentile
16,original_firstorder_Energy
17,original_firstorder_Entropy
18,original_firstorder_InterquartileRange
19,original_firstorder_Kurtosis
20,original_firstorder_Maximum
21,original_firstorder_MeanAbsoluteDeviation
22,original_firstorder_Mean
23,original_firstorder_Median
24,original_firstorder_Minimum
25,original_firstorder_Range
26,original_firstorder_RobustMeanAbsoluteDeviation
27,original_firstorder_RootMeanSquared
28,original_firstorder_Skewness
29,original_firstorder_TotalEnergy
30,original_firstorder_Uniformity
31,original_firstorder_Variance
32,original_glcm_Autocorrelation
33,original_glcm_ClusterProminence
34,original_glcm_ClusterShade
35,original_glcm_ClusterTendency
36,original_glcm_Contrast
37,original_glcm_Correlation
38,original_glcm_DifferenceAverage
39,original_glcm_DifferenceEntropy
40,original_glcm_DifferenceVariance
41,original_glcm_Id
42,original_glcm_Idm
43,original_glcm_Idmn
44,original_glcm_Idn
45,original_glcm_Imc1
46,original_glcm_Imc2
47,original_glcm_InverseVariance
48,original_glcm_JointAverage
49,original_glcm_JointEnergy
50,original_glcm_JointEntropy
51,original_glcm_MCC
52,original_glcm_MaximumProbability
53,original_glcm_SumAverage
54,original_glcm_SumEntropy
55,original_glcm_SumSquares
56,original_gldm_DependenceEntropy
57,original_gldm_DependenceNonUniformity
58,original_gldm_DependenceNonUniformityNormalized
59,original_gldm_DependenceVariance
60,original_gldm_GrayLevelNonUniformity
61,original_gldm_GrayLevelVariance
62,original_gldm_HighGrayLevelEmphasis
63,original_gldm_LargeDependenceEmphasis
64,original_gldm_LargeDependenceHighGrayLevelEmphasis
65,original_gldm_LargeDependenceLowGrayLevelEmphasis
66,original_gldm_LowGrayLevelEmphasis
67,original_gldm_SmallDependenceEmphasis
68,original_gldm_SmallDependenceHighGrayLevelEmphasis
69,original_gldm_SmallDependenceLowGrayLevelEmphasis
70,original_glrlm_GrayLevelNonUniformity
71,original_glrlm_GrayLevelNonUniformityNormalized
72,original_glrlm_GrayLevelVariance
73,original_glrlm_HighGrayLevelRunEmphasis
74,original_glrlm_LongRunEmphasis
75,original_glrlm_LongRunHighGrayLevelEmphasis
76,original_glrlm_LongRunLowGrayLevelEmphasis
77,original_glrlm_LowGrayLevelRunEmphasis
78,original_glrlm_RunEntropy
79,original_glrlm_RunLengthNonUniformity
80,original_glrlm_RunLengthNonUniformityNormalized
81,original_glrlm_RunPercentage
82,original_glrlm_RunVariance
83,original_glrlm_ShortRunEmphasis
84,original_glrlm_ShortRunHighGrayLevelEmphasis
85,original_glrlm_ShortRunLowGrayLevelEmphasis
86,original_glszm_GrayLevelNonUniformity
87,original_glszm_GrayLevelNonUniformityNormalized
88,original_glszm_GrayLevelVariance
89,original_glszm_HighGrayLevelZoneEmphasis
90,original_glszm_LargeAreaEmphasis
91,original_glszm_LargeAreaHighGrayLevelEmphasis
92,original_glszm_LargeAreaLowGrayLevelEmphasis
93,original_glszm_LowGrayLevelZoneEmphasis
94,original_glszm_SizeZoneNonUniformity
95,original_glszm_SizeZoneNonUniformityNormalized
96,original_glszm_SmallAreaEmphasis
97,original_glszm_SmallAreaHighGrayLevelEmphasis
98,original_glszm_SmallAreaLowGrayLevelEmphasis
99,original_glszm_ZoneEntropy
100,original_glszm_ZonePercentage
101,original_glszm_ZoneVariance
102,original_ngtdm_Busyness
103,original_ngtdm_Coarseness
104,original_ngtdm_Complexity
105,original_ngtdm_Contrast
106,original_ngtdm_Strength
107,exponential_firstorder_10Percentile
108,exponential_firstorder_90Percentile
109,exponential_firstorder_Energy
110,exponential_firstorder_Entropy
111,exponential_firstorder_InterquartileRange
112,exponential_firstorder_Kurtosis
113,exponential_firstorder_Maximum
114,exponential_firstorder_MeanAbsoluteDeviation
115,exponential_firstorder_Mean
116,exponential_firstorder_Median
117,exponential_firstorder_Minimum
118,exponential_firstorder_Range
119,exponential_firstorder_RobustMeanAbsoluteDeviation
120,exponential_firstorder_RootMeanSquared
121,exponential_firstorder_Skewness
122,exponential_firstorder_TotalEnergy
123,exponential_firstorder_Uniformity
124,exponential_firstorder_Variance
125,exponential_glcm_Autocorrelation
126,exponential_glcm_ClusterProminence
127,exponential_glcm_ClusterShade
128,exponential_glcm_ClusterTendency
129,exponential_glcm_Contrast
130,exponential_glcm_Correlation
131,exponential_glcm_DifferenceAverage
132,exponential_glcm_DifferenceEntropy
133,exponential_glcm_DifferenceVariance
134,exponential_glcm_Id
135,exponential_glcm_Idm
136,exponential_glcm_Idmn
137,exponential_glcm_Idn
138,exponential_glcm_Imc1
139,exponential_glcm_Imc2
140,exponential_glcm_InverseVariance
141,exponential_glcm_JointAverage
142,exponential_glcm_JointEnergy
143,exponential_glcm_JointEntropy
144,exponential_glcm_MCC
145,exponential_glcm_MaximumProbability
146,exponential_glcm_SumAverage
147,exponential_glcm_SumEntropy
148,exponential_glcm_SumSquares
149,exponential_gldm_DependenceEntropy
150,exponential_gldm_DependenceNonUniformity
151,exponential_gldm_DependenceNonUniformityNormalized
152,exponential_gldm_DependenceVariance
153,exponential_gldm_GrayLevelNonUniformity
154,exponential_gldm_GrayLevelVariance
155,exponential_gldm_HighGrayLevelEmphasis
156,exponential_gldm_LargeDependenceEmphasis
157,exponential_gldm_LargeDependenceHighGrayLevelEmphasis
158,exponential_gldm_LargeDependenceLowGrayLevelEmphasis
159,exponential_gldm_LowGrayLevelEmphasis
160,exponential_gldm_SmallDependenceEmphasis
161,exponential_gldm_SmallDependenceHighGrayLevelEmphasis
162,exponential_gldm_SmallDependenceLowGrayLevelEmphasis
163,exponential_glrlm_GrayLevelNonUniformity
164,exponential_glrlm_GrayLevelNonUniformityNormalized
165,exponential_glrlm_GrayLevelVariance
166,exponential_glrlm_HighGrayLevelRunEmphasis
167,exponential_glrlm_LongRunEmphasis
168,exponential_glrlm_LongRunHighGrayLevelEmphasis
169,exponential_glrlm_LongRunLowGrayLevelEmphasis
170,exponential_glrlm_LowGrayLevelRunEmphasis
171,exponential_glrlm_RunEntropy
172,exponential_glrlm_RunLengthNonUniformity
173,exponential_glrlm_RunLengthNonUniformityNormalized
174,exponential_glrlm_RunPercentage
175,exponential_glrlm_RunVariance
176,exponential_glrlm_ShortRunEmphasis
177,exponential_glrlm_ShortRunHighGrayLevelEmphasis
178,exponential_glrlm_ShortRunLowGrayLevelEmphasis
179,exponential_glszm_GrayLevelNonUniformity
180,exponential_glszm_GrayLevelNonUniformityNormalized
181,exponential_glszm_GrayLevelVariance
182,exponential_glszm_HighGrayLevelZoneEmphasis
183,exponential_glszm_LargeAreaEmphasis
184,exponential_glszm_LargeAreaHighGrayLevelEmphasis
185,exponential_glszm_LargeAreaLowGrayLevelEmphasis
186,exponential_glszm_LowGrayLevelZoneEmphasis
187,exponential_glszm_SizeZoneNonUniformity
188,exponential_glszm_SizeZoneNonUniformityNormalized
189,exponential_glszm_SmallAreaEmphasis
190,exponential_glszm_SmallAreaHighGrayLevelEmphasis
191,exponential_glszm_SmallAreaLowGrayLevelEmphasis
192,exponential_glszm_ZoneEntropy
193,exponential_glszm_ZonePercentage
194,exponential_glszm_ZoneVariance
195,exponential_ngtdm_Busyness
196,exponential_ngtdm_Coarseness
197,exponential_ngtdm_Complexity
198,exponential_ngtdm_Contrast
199,exponential_ngtdm_Strength
200,gradient_firstorder_10Percentile
201,gradient_firstorder_90Percentile
202,gradient_firstorder_Energy
203,gradient_firstorder_Entropy
204,gradient_firstorder_InterquartileRange
205,gradient_firstorder_Kurtosis
206,gradient_firstorder_Maximum
207,gradient_firstorder_MeanAbsoluteDeviation
208,gradient_firstorder_Mean
209,gradient_firstorder_Median
210,gradient_firstorder_Minimum
211,gradient_firstorder_Range
212,gradient_firstorder_RobustMeanAbsoluteDeviation
213,gradient_firstorder_RootMeanSquared
214,gradient_firstorder_Skewness
215,gradient_firstorder_TotalEnergy
216,gradient_firstorder_Uniformity
217,gradient_firstorder_Variance
218,gradient_glcm_Autocorrelation
219,gradient_glcm_ClusterProminence
220,gradient_glcm_ClusterShade
221,gradient_glcm_ClusterTendency
222,gradient_glcm_Contrast
223,gradient_glcm_Correlation
224,gradient_glcm_DifferenceAverage
225,gradient_glcm_DifferenceEntropy
226,gradient_glcm_DifferenceVariance
227,gradient_glcm_Id
228,gradient_glcm_Idm
229,gradient_glcm_Idmn
230,gradient_glcm_Idn
231,gradient_glcm_Imc1
232,gradient_glcm_Imc2
233,gradient_glcm_InverseVariance
234,gradient_glcm_JointAverage
235,gradient_glcm_JointEnergy
236,gradient_glcm_JointEntropy
237,gradient_glcm_MCC
238,gradient_glcm_MaximumProbability
239,gradient_glcm_SumAverage
240,gradient_glcm_SumEntropy
241,gradient_glcm_SumSquares
242,gradient_gldm_DependenceEntropy
243,gradient_gldm_DependenceNonUniformity
244,gradient_gldm_DependenceNonUniformityNormalized
245,gradient_gldm_DependenceVariance
246,gradient_gldm_GrayLevelNonUniformity
247,gradient_gldm_GrayLevelVariance
248,gradient_gldm_HighGrayLevelEmphasis
249,gradient_gldm_LargeDependenceEmphasis
250,gradient_gldm_LargeDependenceHighGrayLevelEmphasis
251,gradient_gldm_LargeDependenceLowGrayLevelEmphasis
252,gradient_gldm_LowGrayLevelEmphasis
253,gradient_gldm_SmallDependenceEmphasis
254,gradient_gldm_SmallDependenceHighGrayLevelEmphasis
255,gradient_gldm_SmallDependenceLowGrayLevelEmphasis
256,gradient_glrlm_GrayLevelNonUniformity
257,gradient_glrlm_GrayLevelNonUniformityNormalized
258,gradient_glrlm_GrayLevelVariance
259,gradient_glrlm_HighGrayLevelRunEmphasis
260,gradient_glrlm_LongRunEmphasis
261,gradient_glrlm_LongRunHighGrayLevelEmphasis
262,gradient_glrlm_LongRunLowGrayLevelEmphasis
263,gradient_glrlm_LowGrayLevelRunEmphasis
264,gradient_glrlm_RunEntropy
265,gradient_glrlm_RunLengthNonUniformity
266,gradient_glrlm_RunLengthNonUniformityNormalized
267,gradient_glrlm_RunPercentage
268,gradient_glrlm_RunVariance
269,gradient_glrlm_ShortRunEmphasis
270,gradient_glrlm_ShortRunHighGrayLevelEmphasis
271,gradient_glrlm_ShortRunLowGrayLevelEmphasis
272,gradient_glszm_GrayLevelNonUniformity
273,gradient_glszm_GrayLevelNonUniformityNormalized
274,gradient_glszm_GrayLevelVariance
275,gradient_glszm_HighGrayLevelZoneEmphasis
276,gradient_glszm_LargeAreaEmphasis
277,gradient_glszm_LargeAreaHighGrayLevelEmphasis
278,gradient_glszm_LargeAreaLowGrayLevelEmphasis
279,gradient_glszm_LowGrayLevelZoneEmphasis
280,gradient_glszm_SizeZoneNonUniformity
281,gradient_glszm_SizeZoneNonUniformityNormalized
282,gradient_glszm_SmallAreaEmphasis
283,gradient_glszm_SmallAreaHighGrayLevelEmphasis
284,gradient_glszm_SmallAreaLowGrayLevelEmphasis
285,gradient_glszm_ZoneEntropy
286,gradient_glszm_ZonePercentage
287,gradient_glszm_ZoneVariance
288,gradient_ngtdm_Busyness
289,gradient_ngtdm_Coarseness
290,gradient_ngtdm_Complexity
291,gradient_ngtdm_Contrast
292,gradient_ngtdm_Strength
293,lbp-2D_firstorder_10Percentile
294,lbp-2D_firstorder_90Percentile
295,lbp-2D_firstorder_Energy
296,lbp-2D_firstorder_Entropy
297,lbp-2D_firstorder_InterquartileRange
298,lbp-2D_firstorder_Kurtosis
299,lbp-2D_firstorder_Maximum
300,lbp-2D_firstorder_MeanAbsoluteDeviation
301,lbp-2D_firstorder_Mean
302,lbp-2D_firstorder_Median
303,lbp-2D_firstorder_Minimum
304,lbp-2D_firstorder_Range
305,lbp-2D_firstorder_RobustMeanAbsoluteDeviation
306,lbp-2D_firstorder_RootMeanSquared
307,lbp-2D_firstorder_Skewness
308,lbp-2D_firstorder_TotalEnergy
309,lbp-2D_firstorder_Uniformity
310,lbp-2D_firstorder_Variance
311,lbp-2D_glcm_Autocorrelation
312,lbp-2D_glcm_ClusterProminence
313,lbp-2D_glcm_ClusterShade
314,lbp-2D_glcm_ClusterTendency
315,lbp-2D_glcm_Contrast
316,lbp-2D_glcm_Correlation
317,lbp-2D_glcm_DifferenceAverage
318,lbp-2D_glcm_DifferenceEntropy
319,lbp-2D_glcm_DifferenceVariance
320,lbp-2D_glcm_Id
321,lbp-2D_glcm_Idm
322,lbp-2D_glcm_Idmn
323,lbp-2D_glcm_Idn
324,lbp-2D_glcm_Imc1
325,lbp-2D_glcm_Imc2
326,lbp-2D_glcm_InverseVariance
327,lbp-2D_glcm_JointAverage
328,lbp-2D_glcm_JointEnergy
329,lbp-2D_glcm_JointEntropy
330,lbp-2D_glcm_MCC
331,lbp-2D_glcm_MaximumProbability
332,lbp-2D_glcm_SumAverage
333,lbp-2D_glcm_SumEntropy
334,lbp-2D_glcm_SumSquares
335,lbp-2D_gldm_DependenceEntropy
336,lbp-2D_gldm_DependenceNonUniformity
337,lbp-2D_gldm_DependenceNonUniformityNormalized
338,lbp-2D_gldm_DependenceVariance
339,lbp-2D_gldm_GrayLevelNonUniformity
340,lbp-2D_gldm_GrayLevelVariance
341,lbp-2D_gldm_HighGrayLevelEmphasis
342,lbp-2D_gldm_LargeDependenceEmphasis
343,lbp-2D_gldm_LargeDependenceHighGrayLevelEmphasis
344,lbp-2D_gldm_LargeDependenceLowGrayLevelEmphasis
345,lbp-2D_gldm_LowGrayLevelEmphasis
346,lbp-2D_gldm_SmallDependenceEmphasis
347,lbp-2D_gldm_SmallDependenceHighGrayLevelEmphasis
348,lbp-2D_gldm_SmallDependenceLowGrayLevelEmphasis
349,lbp-2D_glrlm_GrayLevelNonUniformity
350,lbp-2D_glrlm_GrayLevelNonUniformityNormalized
351,lbp-2D_glrlm_GrayLevelVariance
352,lbp-2D_glrlm_HighGrayLevelRunEmphasis
353,lbp-2D_glrlm_LongRunEmphasis
354,lbp-2D_glrlm_LongRunHighGrayLevelEmphasis
355,lbp-2D_glrlm_LongRunLowGrayLevelEmphasis
356,lbp-2D_glrlm_LowGrayLevelRunEmphasis
357,lbp-2D_glrlm_RunEntropy
358,lbp-2D_glrlm_RunLengthNonUniformity
359,lbp-2D_glrlm_RunLengthNonUniformityNormalized
360,lbp-2D_glrlm_RunPercentage
361,lbp-2D_glrlm_RunVariance
362,lbp-2D_glrlm_ShortRunEmphasis
363,lbp-2D_glrlm_ShortRunHighGrayLevelEmphasis
364,lbp-2D_glrlm_ShortRunLowGrayLevelEmphasis
365,lbp-2D_glszm_GrayLevelNonUniformity
366,lbp-2D_glszm_GrayLevelNonUniformityNormalized
367,lbp-2D_glszm_GrayLevelVariance
368,lbp-2D_glszm_HighGrayLevelZoneEmphasis
369,lbp-2D_glszm_LargeAreaEmphasis
370,lbp-2D_glszm_LargeAreaHighGrayLevelEmphasis
371,lbp-2D_glszm_LargeAreaLowGrayLevelEmphasis
372,lbp-2D_glszm_LowGrayLevelZoneEmphasis
373,lbp-2D_glszm_SizeZoneNonUniformity
374,lbp-2D_glszm_SizeZoneNonUniformityNormalized
375,lbp-2D_glszm_SmallAreaEmphasis
376,lbp-2D_glszm_SmallAreaHighGrayLevelEmphasis
377,lbp-2D_glszm_SmallAreaLowGrayLevelEmphasis
378,lbp-2D_glszm_ZoneEntropy
379,lbp-2D_glszm_ZonePercentage
380,lbp-2D_glszm_ZoneVariance
381,lbp-2D_ngtdm_Busyness
382,lbp-2D_ngtdm_Coarseness
383,lbp-2D_ngtdm_Complexity
384,lbp-2D_ngtdm_Contrast
385,lbp-2D_ngtdm_Strength
386,logarithm_firstorder_10Percentile
387,logarithm_firstorder_90Percentile
388,logarithm_firstorder_Energy
389,logarithm_firstorder_Entropy
390,logarithm_firstorder_InterquartileRange
391,logarithm_firstorder_Kurtosis
392,logarithm_firstorder_Maximum
393,logarithm_firstorder_MeanAbsoluteDeviation
394,logarithm_firstorder_Mean
395,logarithm_firstorder_Median
396,logarithm_firstorder_Minimum
397,logarithm_firstorder_Range
398,logarithm_firstorder_RobustMeanAbsoluteDeviation
399,logarithm_firstorder_RootMeanSquared
400,logarithm_firstorder_Skewness
401,logarithm_firstorder_TotalEnergy
402,logarithm_firstorder_Uniformity
403,logarithm_firstorder_Variance
404,logarithm_glcm_Autocorrelation
405,logarithm_glcm_ClusterProminence
406,logarithm_glcm_ClusterShade
407,logarithm_glcm_ClusterTendency
408,logarithm_glcm_Contrast
409,logarithm_glcm_Correlation
410,logarithm_glcm_DifferenceAverage
411,logarithm_glcm_DifferenceEntropy
412,logarithm_glcm_DifferenceVariance
413,logarithm_glcm_Id
414,logarithm_glcm_Idm
415,logarithm_glcm_Idmn
416,logarithm_glcm_Idn
417,logarithm_glcm_Imc1
418,logarithm_glcm_Imc2
419,logarithm_glcm_InverseVariance
420,logarithm_glcm_JointAverage
421,logarithm_glcm_JointEnergy
422,logarithm_glcm_JointEntropy
423,logarithm_glcm_MCC
424,logarithm_glcm_MaximumProbability
425,logarithm_glcm_SumAverage
426,logarithm_glcm_SumEntropy
427,logarithm_glcm_SumSquares
428,logarithm_gldm_DependenceEntropy
429,logarithm_gldm_DependenceNonUniformity
430,logarithm_gldm_DependenceNonUniformityNormalized
431,logarithm_gldm_DependenceVariance
432,logarithm_gldm_GrayLevelNonUniformity
433,logarithm_gldm_GrayLevelVariance
434,logarithm_gldm_HighGrayLevelEmphasis
435,logarithm_gldm_LargeDependenceEmphasis
436,logarithm_gldm_LargeDependenceHighGrayLevelEmphasis
437,logarithm_gldm_LargeDependenceLowGrayLevelEmphasis
438,logarithm_gldm_LowGrayLevelEmphasis
439,logarithm_gldm_SmallDependenceEmphasis
440,logarithm_gldm_SmallDependenceHighGrayLevelEmphasis
441,logarithm_gldm_SmallDependenceLowGrayLevelEmphasis
442,logarithm_glrlm_GrayLevelNonUniformity
443,logarithm_glrlm_GrayLevelNonUniformityNormalized
444,logarithm_glrlm_GrayLevelVariance
445,logarithm_glrlm_HighGrayLevelRunEmphasis
446,logarithm_glrlm_LongRunEmphasis
447,logarithm_glrlm_LongRunHighGrayLevelEmphasis
448,logarithm_glrlm_LongRunLowGrayLevelEmphasis
449,logarithm_glrlm_LowGrayLevelRunEmphasis
450,logarithm_glrlm_RunEntropy
451,logarithm_glrlm_RunLengthNonUniformity
452,logarithm_glrlm_RunLengthNonUniformityNormalized
453,logarithm_glrlm_RunPercentage
454,logarithm_glrlm_RunVariance
455,logarithm_glrlm_ShortRunEmphasis
456,logarithm_glrlm_ShortRunHighGrayLevelEmphasis
457,logarithm_glrlm_ShortRunLowGrayLevelEmphasis
458,logarithm_glszm_GrayLevelNonUniformity
459,logarithm_glszm_GrayLevelNonUniformityNormalized
460,logarithm_glszm_GrayLevelVariance
461,logarithm_glszm_HighGrayLevelZoneEmphasis
462,logarithm_glszm_LargeAreaEmphasis
463,logarithm_glszm_LargeAreaHighGrayLevelEmphasis
464,logarithm_glszm_LargeAreaLowGrayLevelEmphasis
465,logarithm_glszm_LowGrayLevelZoneEmphasis
466,logarithm_glszm_SizeZoneNonUniformity
467,logarithm_glszm_SizeZoneNonUniformityNormalized
468,logarithm_glszm_SmallAreaEmphasis
469,logarithm_glszm_SmallAreaHighGrayLevelEmphasis
470,logarithm_glszm_SmallAreaLowGrayLevelEmphasis
471,logarithm_glszm_ZoneEntropy
472,logarithm_glszm_ZonePercentage
473,logarithm_glszm_ZoneVariance
474,logarithm_ngtdm_Busyness
475,logarithm_ngtdm_Coarseness
476,logarithm_ngtdm_Complexity
477,logarithm_ngtdm_Contrast
478,logarithm_ngtdm_Strength
479,square_firstorder_10Percentile
480,square_firstorder_90Percentile
481,square_firstorder_Energy
482,square_firstorder_Entropy
483,square_firstorder_InterquartileRange
484,square_firstorder_Kurtosis
485,square_firstorder_Maximum
486,square_firstorder_MeanAbsoluteDeviation
487,square_firstorder_Mean
488,square_firstorder_Median
489,square_firstorder_Minimum
490,square_firstorder_Range
491,square_firstorder_RobustMeanAbsoluteDeviation
492,square_firstorder_RootMeanSquared
493,square_firstorder_Skewness
494,square_firstorder_TotalEnergy
495,square_firstorder_Uniformity
496,square_firstorder_Variance
497,square_glcm_Autocorrelation
498,square_glcm_ClusterProminence
499,square_glcm_ClusterShade
500,square_glcm_ClusterTendency
501,square_glcm_Contrast
502,square_glcm_Correlation
503,square_glcm_DifferenceAverage
504,square_glcm_DifferenceEntropy
505,square_glcm_DifferenceVariance
506,square_glcm_Id
507,square_glcm_Idm
508,square_glcm_Idmn
509,square_glcm_Idn
510,square_glcm_Imc1
511,square_glcm_Imc2
512,square_glcm_InverseVariance
513,square_glcm_JointAverage
514,square_glcm_JointEnergy
515,square_glcm_JointEntropy
516,square_glcm_MCC
517,square_glcm_MaximumProbability
518,square_glcm_SumAverage
519,square_glcm_SumEntropy
520,square_glcm_SumSquares
521,square_gldm_DependenceEntropy
522,square_gldm_DependenceNonUniformity
523,square_gldm_DependenceNonUniformityNormalized
524,square_gldm_DependenceVariance
525,square_gldm_GrayLevelNonUniformity
526,square_gldm_GrayLevelVariance
527,square_gldm_HighGrayLevelEmphasis
528,square_gldm_LargeDependenceEmphasis
529,square_gldm_LargeDependenceHighGrayLevelEmphasis
530,square_gldm_LargeDependenceLowGrayLevelEmphasis
531,square_gldm_LowGrayLevelEmphasis
532,square_gldm_SmallDependenceEmphasis
533,square_gldm_SmallDependenceHighGrayLevelEmphasis
534,square_gldm_SmallDependenceLowGrayLevelEmphasis
535,square_glrlm_GrayLevelNonUniformity
536,square_glrlm_GrayLevelNonUniformityNormalized
537,square_glrlm_GrayLevelVariance
538,square_glrlm_HighGrayLevelRunEmphasis
539,square_glrlm_LongRunEmphasis
540,square_glrlm_LongRunHighGrayLevelEmphasis
541,square_glrlm_LongRunLowGrayLevelEmphasis
542,square_glrlm_LowGrayLevelRunEmphasis
543,square_glrlm_RunEntropy
544,square_glrlm_RunLengthNonUniformity
545,square_glrlm_RunLengthNonUniformityNormalized
546,square_glrlm_RunPercentage
547,square_glrlm_RunVariance
548,square_glrlm_ShortRunEmphasis
549,square_glrlm_ShortRunHighGrayLevelEmphasis
550,square_glrlm_ShortRunLowGrayLevelEmphasis
551,square_glszm_GrayLevelNonUniformity
552,square_glszm_GrayLevelNonUniformityNormalized
553,square_glszm_GrayLevelVariance
554,square_glszm_HighGrayLevelZoneEmphasis
555,square_glszm_LargeAreaEmphasis
556,square_glszm_LargeAreaHighGrayLevelEmphasis
557,square_glszm_LargeAreaLowGrayLevelEmphasis
558,square_glszm_LowGrayLevelZoneEmphasis
559,square_glszm_SizeZoneNonUniformity
560,square_glszm_SizeZoneNonUniformityNormalized
561,square_glszm_SmallAreaEmphasis
562,square_glszm_SmallAreaHighGrayLevelEmphasis
563,square_glszm_SmallAreaLowGrayLevelEmphasis
564,square_glszm_ZoneEntropy
565,square_glszm_ZonePercentage
566,square_glszm_ZoneVariance
567,square_ngtdm_Busyness
568,square_ngtdm_Coarseness
569,square_ngtdm_Complexity
570,square_ngtdm_Contrast
571,square_ngtdm_Strength
572,squareroot_firstorder_10Percentile
573,squareroot_firstorder_90Percentile
574,squareroot_firstorder_Energy
575,squareroot_firstorder_Entropy
576,squareroot_firstorder_InterquartileRange
577,squareroot_firstorder_Kurtosis
578,squareroot_firstorder_Maximum
579,squareroot_firstorder_MeanAbsoluteDeviation
580,squareroot_firstorder_Mean
581,squareroot_firstorder_Median
582,squareroot_firstorder_Minimum
583,squareroot_firstorder_Range
584,squareroot_firstorder_RobustMeanAbsoluteDeviation
585,squareroot_firstorder_RootMeanSquared
586,squareroot_firstorder_Skewness
587,squareroot_firstorder_TotalEnergy
588,squareroot_firstorder_Uniformity
589,squareroot_firstorder_Variance
590,squareroot_glcm_Autocorrelation
591,squareroot_glcm_ClusterProminence
592,squareroot_glcm_ClusterShade
593,squareroot_glcm_ClusterTendency
594,squareroot_glcm_Contrast
595,squareroot_glcm_Correlation
596,squareroot_glcm_DifferenceAverage
597,squareroot_glcm_DifferenceEntropy
598,squareroot_glcm_DifferenceVariance
599,squareroot_glcm_Id
600,squareroot_glcm_Idm
601,squareroot_glcm_Idmn
602,squareroot_glcm_Idn
603,squareroot_glcm_Imc1
604,squareroot_glcm_Imc2
605,squareroot_glcm_InverseVariance
606,squareroot_glcm_JointAverage
607,squareroot_glcm_JointEnergy
608,squareroot_glcm_JointEntropy
609,squareroot_glcm_MCC
610,squareroot_glcm_MaximumProbability
611,squareroot_glcm_SumAverage
612,squareroot_glcm_SumEntropy
613,squareroot_glcm_SumSquares
614,squareroot_gldm_DependenceEntropy
615,squareroot_gldm_DependenceNonUniformity
616,squareroot_gldm_DependenceNonUniformityNormalized
617,squareroot_gldm_DependenceVariance
618,squareroot_gldm_GrayLevelNonUniformity
619,squareroot_gldm_GrayLevelVariance
620,squareroot_gldm_HighGrayLevelEmphasis
621,squareroot_gldm_LargeDependenceEmphasis
622,squareroot_gldm_LargeDependenceHighGrayLevelEmphasis
623,squareroot_gldm_LargeDependenceLowGrayLevelEmphasis
624,squareroot_gldm_LowGrayLevelEmphasis
625,squareroot_gldm_SmallDependenceEmphasis
626,squareroot_gldm_SmallDependenceHighGrayLevelEmphasis
627,squareroot_gldm_SmallDependenceLowGrayLevelEmphasis
628,squareroot_glrlm_GrayLevelNonUniformity
629,squareroot_glrlm_GrayLevelNonUniformityNormalized
630,squareroot_glrlm_GrayLevelVariance
631,squareroot_glrlm_HighGrayLevelRunEmphasis
632,squareroot_glrlm_LongRunEmphasis
633,squareroot_glrlm_LongRunHighGrayLevelEmphasis
634,squareroot_glrlm_LongRunLowGrayLevelEmphasis
635,squareroot_glrlm_LowGrayLevelRunEmphasis
636,squareroot_glrlm_RunEntropy
637,squareroot_glrlm_RunLengthNonUniformity
638,squareroot_glrlm_RunLengthNonUniformityNormalized
639,squareroot_glrlm_RunPercentage
640,squareroot_glrlm_RunVariance
641,squareroot_glrlm_ShortRunEmphasis
642,squareroot_glrlm_ShortRunHighGrayLevelEmphasis
643,squareroot_glrlm_ShortRunLowGrayLevelEmphasis
644,squareroot_glszm_GrayLevelNonUniformity
645,squareroot_glszm_GrayLevelNonUniformityNormalized
646,squareroot_glszm_GrayLevelVariance
647,squareroot_glszm_HighGrayLevelZoneEmphasis
648,squareroot_glszm_LargeAreaEmphasis
649,squareroot_glszm_LargeAreaHighGrayLevelEmphasis
650,squareroot_glszm_LargeAreaLowGrayLevelEmphasis
651,squareroot_glszm_LowGrayLevelZoneEmphasis
652,squareroot_glszm_SizeZoneNonUniformity
653,squareroot_glszm_SizeZoneNonUniformityNormalized
654,squareroot_glszm_SmallAreaEmphasis
655,squareroot_glszm_SmallAreaHighGrayLevelEmphasis
656,squareroot_glszm_SmallAreaLowGrayLevelEmphasis
657,squareroot_glszm_ZoneEntropy
658,squareroot_glszm_ZonePercentage
659,squareroot_glszm_ZoneVariance
660,squareroot_ngtdm_Busyness
661,squareroot_ngtdm_Coarseness
662,squareroot_ngtdm_Complexity
663,squareroot_ngtdm_Contrast
664,squareroot_ngtdm_Strength
665,wavelet-LLH_firstorder_10Percentile
666,wavelet-LLH_firstorder_90Percentile
667,wavelet-LLH_firstorder_Energy
668,wavelet-LLH_firstorder_Entropy
669,wavelet-LLH_firstorder_InterquartileRange
670,wavelet-LLH_firstorder_Kurtosis
671,wavelet-LLH_firstorder_Maximum
672,wavelet-LLH_firstorder_MeanAbsoluteDeviation
673,wavelet-LLH_firstorder_Mean
674,wavelet-LLH_firstorder_Median
675,wavelet-LLH_firstorder_Minimum
676,wavelet-LLH_firstorder_Range
677,wavelet-LLH_firstorder_RobustMeanAbsoluteDeviation
678,wavelet-LLH_firstorder_RootMeanSquared
679,wavelet-LLH_firstorder_Skewness
680,wavelet-LLH_firstorder_TotalEnergy
681,wavelet-LLH_firstorder_Uniformity
682,wavelet-LLH_firstorder_Variance
683,wavelet-LLH_glcm_Autocorrelation
684,wavelet-LLH_glcm_ClusterProminence
685,wavelet-LLH_glcm_ClusterShade
686,wavelet-LLH_glcm_ClusterTendency
687,wavelet-LLH_glcm_Contrast
688,wavelet-LLH_glcm_Correlation
689,wavelet-LLH_glcm_DifferenceAverage
690,wavelet-LLH_glcm_DifferenceEntropy
691,wavelet-LLH_glcm_DifferenceVariance
692,wavelet-LLH_glcm_Id
693,wavelet-LLH_glcm_Idm
694,wavelet-LLH_glcm_Idmn
695,wavelet-LLH_glcm_Idn
696,wavelet-LLH_glcm_Imc1
697,wavelet-LLH_glcm_Imc2
698,wavelet-LLH_glcm_InverseVariance
699,wavelet-LLH_glcm_JointAverage
700,wavelet-LLH_glcm_JointEnergy
701,wavelet-LLH_glcm_JointEntropy
702,wavelet-LLH_glcm_MCC
703,wavelet-LLH_glcm_MaximumProbability
704,wavelet-LLH_glcm_SumAverage
705,wavelet-LLH_glcm_SumEntropy
706,wavelet-LLH_glcm_SumSquares
707,wavelet-LLH_gldm_DependenceEntropy
708,wavelet-LLH_gldm_DependenceNonUniformity
709,wavelet-LLH_gldm_DependenceNonUniformityNormalized
710,wavelet-LLH_gldm_DependenceVariance
711,wavelet-LLH_gldm_GrayLevelNonUniformity
712,wavelet-LLH_gldm_GrayLevelVariance
713,wavelet-LLH_gldm_HighGrayLevelEmphasis
714,wavelet-LLH_gldm_LargeDependenceEmphasis
715,wavelet-LLH_gldm_LargeDependenceHighGrayLevelEmphasis
716,wavelet-LLH_gldm_LargeDependenceLowGrayLevelEmphasis
717,wavelet-LLH_gldm_LowGrayLevelEmphasis
718,wavelet-LLH_gldm_SmallDependenceEmphasis
719,wavelet-LLH_gldm_SmallDependenceHighGrayLevelEmphasis
720,wavelet-LLH_gldm_SmallDependenceLowGrayLevelEmphasis
721,wavelet-LLH_glrlm_GrayLevelNonUniformity
722,wavelet-LLH_glrlm_GrayLevelNonUniformityNormalized
723,wavelet-LLH_glrlm_GrayLevelVariance
724,wavelet-LLH_glrlm_HighGrayLevelRunEmphasis
725,wavelet-LLH_glrlm_LongRunEmphasis
726,wavelet-LLH_glrlm_LongRunHighGrayLevelEmphasis
727,wavelet-LLH_glrlm_LongRunLowGrayLevelEmphasis
728,wavelet-LLH_glrlm_LowGrayLevelRunEmphasis
729,wavelet-LLH_glrlm_RunEntropy
730,wavelet-LLH_glrlm_RunLengthNonUniformity
731,wavelet-LLH_glrlm_RunLengthNonUniformityNormalized
732,wavelet-LLH_glrlm_RunPercentage
733,wavelet-LLH_glrlm_RunVariance
734,wavelet-LLH_glrlm_ShortRunEmphasis
735,wavelet-LLH_glrlm_ShortRunHighGrayLevelEmphasis
736,wavelet-LLH_glrlm_ShortRunLowGrayLevelEmphasis
737,wavelet-LLH_glszm_GrayLevelNonUniformity
738,wavelet-LLH_glszm_GrayLevelNonUniformityNormalized
739,wavelet-LLH_glszm_GrayLevelVariance
740,wavelet-LLH_glszm_HighGrayLevelZoneEmphasis
741,wavelet-LLH_glszm_LargeAreaEmphasis
742,wavelet-LLH_glszm_LargeAreaHighGrayLevelEmphasis
743,wavelet-LLH_glszm_LargeAreaLowGrayLevelEmphasis
744,wavelet-LLH_glszm_LowGrayLevelZoneEmphasis
745,wavelet-LLH_glszm_SizeZoneNonUniformity
746,wavelet-LLH_glszm_SizeZoneNonUniformityNormalized
747,wavelet-LLH_glszm_SmallAreaEmphasis
748,wavelet-LLH_glszm_SmallAreaHighGrayLevelEmphasis
749,wavelet-LLH_glszm_SmallAreaLowGrayLevelEmphasis
750,wavelet-LLH_glszm_ZoneEntropy
751,wavelet-LLH_glszm_ZonePercentage
752,wavelet-LLH_glszm_ZoneVariance
753,wavelet-LLH_ngtdm_Busyness
754,wavelet-LLH_ngtdm_Coarseness
755,wavelet-LLH_ngtdm_Complexity
756,wavelet-LLH_ngtdm_Contrast
757,wavelet-LLH_ngtdm_Strength
758,wavelet-LHL_firstorder_10Percentile
759,wavelet-LHL_firstorder_90Percentile
760,wavelet-LHL_firstorder_Energy
761,wavelet-LHL_firstorder_Entropy
762,wavelet-LHL_firstorder_InterquartileRange
763,wavelet-LHL_firstorder_Kurtosis
764,wavelet-LHL_firstorder_Maximum
765,wavelet-LHL_firstorder_MeanAbsoluteDeviation
766,wavelet-LHL_firstorder_Mean
767,wavelet-LHL_firstorder_Median
768,wavelet-LHL_firstorder_Minimum
769,wavelet-LHL_firstorder_Range
770,wavelet-LHL_firstorder_RobustMeanAbsoluteDeviation
771,wavelet-LHL_firstorder_RootMeanSquared
772,wavelet-LHL_firstorder_Skewness
773,wavelet-LHL_firstorder_TotalEnergy
774,wavelet-LHL_firstorder_Uniformity
775,wavelet-LHL_firstorder_Variance
776,wavelet-LHL_glcm_Autocorrelation
777,wavelet-LHL_glcm_ClusterProminence
778,wavelet-LHL_glcm_ClusterShade
779,wavelet-LHL_glcm_ClusterTendency
780,wavelet-LHL_glcm_Contrast
781,wavelet-LHL_glcm_Correlation
782,wavelet-LHL_glcm_DifferenceAverage
783,wavelet-LHL_glcm_DifferenceEntropy
784,wavelet-LHL_glcm_DifferenceVariance
785,wavelet-LHL_glcm_Id
786,wavelet-LHL_glcm_Idm
787,wavelet-LHL_glcm_Idmn
788,wavelet-LHL_glcm_Idn
789,wavelet-LHL_glcm_Imc1
790,wavelet-LHL_glcm_Imc2
791,wavelet-LHL_glcm_InverseVariance
792,wavelet-LHL_glcm_JointAverage
793,wavelet-LHL_glcm_JointEnergy
794,wavelet-LHL_glcm_JointEntropy
795,wavelet-LHL_glcm_MCC
796,wavelet-LHL_glcm_MaximumProbability
797,wavelet-LHL_glcm_SumAverage
798,wavelet-LHL_glcm_SumEntropy
799,wavelet-LHL_glcm_SumSquares
800,wavelet-LHL_gldm_DependenceEntropy
801,wavelet-LHL_gldm_DependenceNonUniformity
802,wavelet-LHL_gldm_DependenceNonUniformityNormalized
803,wavelet-LHL_gldm_DependenceVariance
804,wavelet-LHL_gldm_GrayLevelNonUniformity
805,wavelet-LHL_gldm_GrayLevelVariance
806,wavelet-LHL_gldm_HighGrayLevelEmphasis
807,wavelet-LHL_gldm_LargeDependenceEmphasis
808,wavelet-LHL_gldm_LargeDependenceHighGrayLevelEmphasis
809,wavelet-LHL_gldm_LargeDependenceLowGrayLevelEmphasis
810,wavelet-LHL_gldm_LowGrayLevelEmphasis
811,wavelet-LHL_gldm_SmallDependenceEmphasis
812,wavelet-LHL_gldm_SmallDependenceHighGrayLevelEmphasis
813,wavelet-LHL_gldm_SmallDependenceLowGrayLevelEmphasis
814,wavelet-LHL_glrlm_GrayLevelNonUniformity
815,wavelet-LHL_glrlm_GrayLevelNonUniformityNormalized
816,wavelet-LHL_glrlm_GrayLevelVariance
817,wavelet-LHL_glrlm_HighGrayLevelRunEmphasis
818,wavelet-LHL_glrlm_LongRunEmphasis
819,wavelet-LHL_glrlm_LongRunHighGrayLevelEmphasis
820,wavelet-LHL_glrlm_LongRunLowGrayLevelEmphasis
821,wavelet-LHL_glrlm_LowGrayLevelRunEmphasis
822,wavelet-LHL_glrlm_RunEntropy
823,wavelet-LHL_glrlm_RunLengthNonUniformity
824,wavelet-LHL_glrlm_RunLengthNonUniformityNormalized
825,wavelet-LHL_glrlm_RunPercentage
826,wavelet-LHL_glrlm_RunVariance
827,wavelet-LHL_glrlm_ShortRunEmphasis
828,wavelet-LHL_glrlm_ShortRunHighGrayLevelEmphasis
829,wavelet-LHL_glrlm_ShortRunLowGrayLevelEmphasis
830,wavelet-LHL_glszm_GrayLevelNonUniformity
831,wavelet-LHL_glszm_GrayLevelNonUniformityNormalized
832,wavelet-LHL_glszm_GrayLevelVariance
833,wavelet-LHL_glszm_HighGrayLevelZoneEmphasis
834,wavelet-LHL_glszm_LargeAreaEmphasis
835,wavelet-LHL_glszm_LargeAreaHighGrayLevelEmphasis
836,wavelet-LHL_glszm_LargeAreaLowGrayLevelEmphasis
837,wavelet-LHL_glszm_LowGrayLevelZoneEmphasis
838,wavelet-LHL_glszm_SizeZoneNonUniformity
839,wavelet-LHL_glszm_SizeZoneNonUniformityNormalized
840,wavelet-LHL_glszm_SmallAreaEmphasis
841,wavelet-LHL_glszm_SmallAreaHighGrayLevelEmphasis
842,wavelet-LHL_glszm_SmallAreaLowGrayLevelEmphasis
843,wavelet-LHL_glszm_ZoneEntropy
844,wavelet-LHL_glszm_ZonePercentage
845,wavelet-LHL_glszm_ZoneVariance
846,wavelet-LHL_ngtdm_Busyness
847,wavelet-LHL_ngtdm_Coarseness
848,wavelet-LHL_ngtdm_Complexity
849,wavelet-LHL_ngtdm_Contrast
850,wavelet-LHL_ngtdm_Strength
851,wavelet-LHH_firstorder_10Percentile
852,wavelet-LHH_firstorder_90Percentile
853,wavelet-LHH_firstorder_Energy
854,wavelet-LHH_firstorder_Entropy
855,wavelet-LHH_firstorder_InterquartileRange
856,wavelet-LHH_firstorder_Kurtosis
857,wavelet-LHH_firstorder_Maximum
858,wavelet-LHH_firstorder_MeanAbsoluteDeviation
859,wavelet-LHH_firstorder_Mean
860,wavelet-LHH_firstorder_Median
861,wavelet-LHH_firstorder_Minimum
862,wavelet-LHH_firstorder_Range
863,wavelet-LHH_firstorder_RobustMeanAbsoluteDeviation
864,wavelet-LHH_firstorder_RootMeanSquared
865,wavelet-LHH_firstorder_Skewness
866,wavelet-LHH_firstorder_TotalEnergy
867,wavelet-LHH_firstorder_Uniformity
868,wavelet-LHH_firstorder_Variance
869,wavelet-LHH_glcm_Autocorrelation
870,wavelet-LHH_glcm_ClusterProminence
871,wavelet-LHH_glcm_ClusterShade
872,wavelet-LHH_glcm_ClusterTendency
873,wavelet-LHH_glcm_Contrast
874,wavelet-LHH_glcm_Correlation
875,wavelet-LHH_glcm_DifferenceAverage
876,wavelet-LHH_glcm_DifferenceEntropy
877,wavelet-LHH_glcm_DifferenceVariance
878,wavelet-LHH_glcm_Id
879,wavelet-LHH_glcm_Idm
880,wavelet-LHH_glcm_Idmn
881,wavelet-LHH_glcm_Idn
882,wavelet-LHH_glcm_Imc1
883,wavelet-LHH_glcm_Imc2
884,wavelet-LHH_glcm_InverseVariance
885,wavelet-LHH_glcm_JointAverage
886,wavelet-LHH_glcm_JointEnergy
887,wavelet-LHH_glcm_JointEntropy
888,wavelet-LHH_glcm_MCC
889,wavelet-LHH_glcm_MaximumProbability
890,wavelet-LHH_glcm_SumAverage
891,wavelet-LHH_glcm_SumEntropy
892,wavelet-LHH_glcm_SumSquares
893,wavelet-LHH_gldm_DependenceEntropy
894,wavelet-LHH_gldm_DependenceNonUniformity
895,wavelet-LHH_gldm_DependenceNonUniformityNormalized
896,wavelet-LHH_gldm_DependenceVariance
897,wavelet-LHH_gldm_GrayLevelNonUniformity
898,wavelet-LHH_gldm_GrayLevelVariance
899,wavelet-LHH_gldm_HighGrayLevelEmphasis
900,wavelet-LHH_gldm_LargeDependenceEmphasis
901,wavelet-LHH_gldm_LargeDependenceHighGrayLevelEmphasis
902,wavelet-LHH_gldm_LargeDependenceLowGrayLevelEmphasis
903,wavelet-LHH_gldm_LowGrayLevelEmphasis
904,wavelet-LHH_gldm_SmallDependenceEmphasis
905,wavelet-LHH_gldm_SmallDependenceHighGrayLevelEmphasis
906,wavelet-LHH_gldm_SmallDependenceLowGrayLevelEmphasis
907,wavelet-LHH_glrlm_GrayLevelNonUniformity
908,wavelet-LHH_glrlm_GrayLevelNonUniformityNormalized
909,wavelet-LHH_glrlm_GrayLevelVariance
910,wavelet-LHH_glrlm_HighGrayLevelRunEmphasis
911,wavelet-LHH_glrlm_LongRunEmphasis
912,wavelet-LHH_glrlm_LongRunHighGrayLevelEmphasis
913,wavelet-LHH_glrlm_LongRunLowGrayLevelEmphasis
914,wavelet-LHH_glrlm_LowGrayLevelRunEmphasis
915,wavelet-LHH_glrlm_RunEntropy
916,wavelet-LHH_glrlm_RunLengthNonUniformity
917,wavelet-LHH_glrlm_RunLengthNonUniformityNormalized
918,wavelet-LHH_glrlm_RunPercentage
919,wavelet-LHH_glrlm_RunVariance
920,wavelet-LHH_glrlm_ShortRunEmphasis
921,wavelet-LHH_glrlm_ShortRunHighGrayLevelEmphasis
922,wavelet-LHH_glrlm_ShortRunLowGrayLevelEmphasis
923,wavelet-LHH_glszm_GrayLevelNonUniformity
924,wavelet-LHH_glszm_GrayLevelNonUniformityNormalized
925,wavelet-LHH_glszm_GrayLevelVariance
926,wavelet-LHH_glszm_HighGrayLevelZoneEmphasis
927,wavelet-LHH_glszm_LargeAreaEmphasis
928,wavelet-LHH_glszm_LargeAreaHighGrayLevelEmphasis
929,wavelet-LHH_glszm_LargeAreaLowGrayLevelEmphasis
930,wavelet-LHH_glszm_LowGrayLevelZoneEmphasis
931,wavelet-LHH_glszm_SizeZoneNonUniformity
932,wavelet-LHH_glszm_SizeZoneNonUniformityNormalized
933,wavelet-LHH_glszm_SmallAreaEmphasis
934,wavelet-LHH_glszm_SmallAreaHighGrayLevelEmphasis
935,wavelet-LHH_glszm_SmallAreaLowGrayLevelEmphasis
936,wavelet-LHH_glszm_ZoneEntropy
937,wavelet-LHH_glszm_ZonePercentage
938,wavelet-LHH_glszm_ZoneVariance
939,wavelet-LHH_ngtdm_Busyness
940,wavelet-LHH_ngtdm_Coarseness
941,wavelet-LHH_ngtdm_Complexity
942,wavelet-LHH_ngtdm_Contrast
943,wavelet-LHH_ngtdm_Strength
944,wavelet-HLL_firstorder_10Percentile
945,wavelet-HLL_firstorder_90Percentile
946,wavelet-HLL_firstorder_Energy
947,wavelet-HLL_firstorder_Entropy
948,wavelet-HLL_firstorder_InterquartileRange
949,wavelet-HLL_firstorder_Kurtosis
950,wavelet-HLL_firstorder_Maximum
951,wavelet-HLL_firstorder_MeanAbsoluteDeviation
952,wavelet-HLL_firstorder_Mean
953,wavelet-HLL_firstorder_Median
954,wavelet-HLL_firstorder_Minimum
955,wavelet-HLL_firstorder_Range
956,wavelet-HLL_firstorder_RobustMeanAbsoluteDeviation
957,wavelet-HLL_firstorder_RootMeanSquared
958,wavelet-HLL_firstorder_Skewness
959,wavelet-HLL_firstorder_TotalEnergy
960,wavelet-HLL_firstorder_Uniformity
961,wavelet-HLL_firstorder_Variance
962,wavelet-HLL_glcm_Autocorrelation
963,wavelet-HLL_glcm_ClusterProminence
964,wavelet-HLL_glcm_ClusterShade
965,wavelet-HLL_glcm_ClusterTendency
966,wavelet-HLL_glcm_Contrast
967,wavelet-HLL_glcm_Correlation
968,wavelet-HLL_glcm_DifferenceAverage
969,wavelet-HLL_glcm_DifferenceEntropy
970,wavelet-HLL_glcm_DifferenceVariance
971,wavelet-HLL_glcm_Id
972,wavelet-HLL_glcm_Idm
973,wavelet-HLL_glcm_Idmn
974,wavelet-HLL_glcm_Idn
975,wavelet-HLL_glcm_Imc1
976,wavelet-HLL_glcm_Imc2
977,wavelet-HLL_glcm_InverseVariance
978,wavelet-HLL_glcm_JointAverage
979,wavelet-HLL_glcm_JointEnergy
980,wavelet-HLL_glcm_JointEntropy
981,wavelet-HLL_glcm_MCC
982,wavelet-HLL_glcm_MaximumProbability
983,wavelet-HLL_glcm_SumAverage
984,wavelet-HLL_glcm_SumEntropy
985,wavelet-HLL_glcm_SumSquares
986,wavelet-HLL_gldm_DependenceEntropy
987,wavelet-HLL_gldm_DependenceNonUniformity
988,wavelet-HLL_gldm_DependenceNonUniformityNormalized
989,wavelet-HLL_gldm_DependenceVariance
990,wavelet-HLL_gldm_GrayLevelNonUniformity
991,wavelet-HLL_gldm_GrayLevelVariance
992,wavelet-HLL_gldm_HighGrayLevelEmphasis
993,wavelet-HLL_gldm_LargeDependenceEmphasis
994,wavelet-HLL_gldm_LargeDependenceHighGrayLevelEmphasis
995,wavelet-HLL_gldm_LargeDependenceLowGrayLevelEmphasis
996,wavelet-HLL_gldm_LowGrayLevelEmphasis
997,wavelet-HLL_gldm_SmallDependenceEmphasis
998,wavelet-HLL_gldm_SmallDependenceHighGrayLevelEmphasis
999,wavelet-HLL_gldm_SmallDependenceLowGrayLevelEmphasis
1000,wavelet-HLL_glrlm_GrayLevelNonUniformity
1001,wavelet-HLL_glrlm_GrayLevelNonUniformityNormalized
1002,wavelet-HLL_glrlm_GrayLevelVariance
1003,wavelet-HLL_glrlm_HighGrayLevelRunEmphasis
1004,wavelet-HLL_glrlm_LongRunEmphasis
1005,wavelet-HLL_glrlm_LongRunHighGrayLevelEmphasis
1006,wavelet-HLL_glrlm_LongRunLowGrayLevelEmphasis
1007,wavelet-HLL_glrlm_LowGrayLevelRunEmphasis
1008,wavelet-HLL_glrlm_RunEntropy
1009,wavelet-HLL_glrlm_RunLengthNonUniformity
1010,wavelet-HLL_glrlm_RunLengthNonUniformityNormalized
1011,wavelet-HLL_glrlm_RunPercentage
1012,wavelet-HLL_glrlm_RunVariance
1013,wavelet-HLL_glrlm_ShortRunEmphasis
1014,wavelet-HLL_glrlm_ShortRunHighGrayLevelEmphasis
1015,wavelet-HLL_glrlm_ShortRunLowGrayLevelEmphasis
1016,wavelet-HLL_glszm_GrayLevelNonUniformity
1017,wavelet-HLL_glszm_GrayLevelNonUniformityNormalized
1018,wavelet-HLL_glszm_GrayLevelVariance
1019,wavelet-HLL_glszm_HighGrayLevelZoneEmphasis
1020,wavelet-HLL_glszm_LargeAreaEmphasis
1021,wavelet-HLL_glszm_LargeAreaHighGrayLevelEmphasis
1022,wavelet-HLL_glszm_LargeAreaLowGrayLevelEmphasis
1023,wavelet-HLL_glszm_LowGrayLevelZoneEmphasis
1024,wavelet-HLL_glszm_SizeZoneNonUniformity
1025,wavelet-HLL_glszm_SizeZoneNonUniformityNormalized
1026,wavelet-HLL_glszm_SmallAreaEmphasis
1027,wavelet-HLL_glszm_SmallAreaHighGrayLevelEmphasis
1028,wavelet-HLL_glszm_SmallAreaLowGrayLevelEmphasis
1029,wavelet-HLL_glszm_ZoneEntropy
1030,wavelet-HLL_glszm_ZonePercentage
1031,wavelet-HLL_glszm_ZoneVariance
1032,wavelet-HLL_ngtdm_Busyness
1033,wavelet-HLL_ngtdm_Coarseness
1034,wavelet-HLL_ngtdm_Complexity
1035,wavelet-HLL_ngtdm_Contrast
1036,wavelet-HLL_ngtdm_Strength
1037,wavelet-HLH_firstorder_10Percentile
1038,wavelet-HLH_firstorder_90Percentile
1039,wavelet-HLH_firstorder_Energy
1040,wavelet-HLH_firstorder_Entropy
1041,wavelet-HLH_firstorder_InterquartileRange
1042,wavelet-HLH_firstorder_Kurtosis
1043,wavelet-HLH_firstorder_Maximum
1044,wavelet-HLH_firstorder_MeanAbsoluteDeviation
1045,wavelet-HLH_firstorder_Mean
1046,wavelet-HLH_firstorder_Median
1047,wavelet-HLH_firstorder_Minimum
1048,wavelet-HLH_firstorder_Range
1049,wavelet-HLH_firstorder_RobustMeanAbsoluteDeviation
1050,wavelet-HLH_firstorder_RootMeanSquared
1051,wavelet-HLH_firstorder_Skewness
1052,wavelet-HLH_firstorder_TotalEnergy
1053,wavelet-HLH_firstorder_Uniformity
1054,wavelet-HLH_firstorder_Variance
1055,wavelet-HLH_glcm_Autocorrelation
1056,wavelet-HLH_glcm_ClusterProminence
1057,wavelet-HLH_glcm_ClusterShade
1058,wavelet-HLH_glcm_ClusterTendency
1059,wavelet-HLH_glcm_Contrast
1060,wavelet-HLH_glcm_Correlation
1061,wavelet-HLH_glcm_DifferenceAverage
1062,wavelet-HLH_glcm_DifferenceEntropy
1063,wavelet-HLH_glcm_DifferenceVariance
1064,wavelet-HLH_glcm_Id
1065,wavelet-HLH_glcm_Idm
1066,wavelet-HLH_glcm_Idmn
1067,wavelet-HLH_glcm_Idn
1068,wavelet-HLH_glcm_Imc1
1069,wavelet-HLH_glcm_Imc2
1070,wavelet-HLH_glcm_InverseVariance
1071,wavelet-HLH_glcm_JointAverage
1072,wavelet-HLH_glcm_JointEnergy
1073,wavelet-HLH_glcm_JointEntropy
1074,wavelet-HLH_glcm_MCC
1075,wavelet-HLH_glcm_MaximumProbability
1076,wavelet-HLH_glcm_SumAverage
1077,wavelet-HLH_glcm_SumEntropy
1078,wavelet-HLH_glcm_SumSquares
1079,wavelet-HLH_gldm_DependenceEntropy
1080,wavelet-HLH_gldm_DependenceNonUniformity
1081,wavelet-HLH_gldm_DependenceNonUniformityNormalized
1082,wavelet-HLH_gldm_DependenceVariance
1083,wavelet-HLH_gldm_GrayLevelNonUniformity
1084,wavelet-HLH_gldm_GrayLevelVariance
1085,wavelet-HLH_gldm_HighGrayLevelEmphasis
1086,wavelet-HLH_gldm_LargeDependenceEmphasis
1087,wavelet-HLH_gldm_LargeDependenceHighGrayLevelEmphasis
1088,wavelet-HLH_gldm_LargeDependenceLowGrayLevelEmphasis
1089,wavelet-HLH_gldm_LowGrayLevelEmphasis
1090,wavelet-HLH_gldm_SmallDependenceEmphasis
1091,wavelet-HLH_gldm_SmallDependenceHighGrayLevelEmphasis
1092,wavelet-HLH_gldm_SmallDependenceLowGrayLevelEmphasis
1093,wavelet-HLH_glrlm_GrayLevelNonUniformity
1094,wavelet-HLH_glrlm_GrayLevelNonUniformityNormalized
1095,wavelet-HLH_glrlm_GrayLevelVariance
1096,wavelet-HLH_glrlm_HighGrayLevelRunEmphasis
1097,wavelet-HLH_glrlm_LongRunEmphasis
1098,wavelet-HLH_glrlm_LongRunHighGrayLevelEmphasis
1099,wavelet-HLH_glrlm_LongRunLowGrayLevelEmphasis
1100,wavelet-HLH_glrlm_LowGrayLevelRunEmphasis
1101,wavelet-HLH_glrlm_RunEntropy
1102,wavelet-HLH_glrlm_RunLengthNonUniformity
1103,wavelet-HLH_glrlm_RunLengthNonUniformityNormalized
1104,wavelet-HLH_glrlm_RunPercentage
1105,wavelet-HLH_glrlm_RunVariance
1106,wavelet-HLH_glrlm_ShortRunEmphasis
1107,wavelet-HLH_glrlm_ShortRunHighGrayLevelEmphasis
1108,wavelet-HLH_glrlm_ShortRunLowGrayLevelEmphasis
1109,wavelet-HLH_glszm_GrayLevelNonUniformity
1110,wavelet-HLH_glszm_GrayLevelNonUniformityNormalized
1111,wavelet-HLH_glszm_GrayLevelVariance
1112,wavelet-HLH_glszm_HighGrayLevelZoneEmphasis
1113,wavelet-HLH_glszm_LargeAreaEmphasis
1114,wavelet-HLH_glszm_LargeAreaHighGrayLevelEmphasis
1115,wavelet-HLH_glszm_LargeAreaLowGrayLevelEmphasis
1116,wavelet-HLH_glszm_LowGrayLevelZoneEmphasis
1117,wavelet-HLH_glszm_SizeZoneNonUniformity
1118,wavelet-HLH_glszm_SizeZoneNonUniformityNormalized
1119,wavelet-HLH_glszm_SmallAreaEmphasis
1120,wavelet-HLH_glszm_SmallAreaHighGrayLevelEmphasis
1121,wavelet-HLH_glszm_SmallAreaLowGrayLevelEmphasis
1122,wavelet-HLH_glszm_ZoneEntropy
1123,wavelet-HLH_glszm_ZonePercentage
1124,wavelet-HLH_glszm_ZoneVariance
1125,wavelet-HLH_ngtdm_Busyness
1126,wavelet-HLH_ngtdm_Coarseness
1127,wavelet-HLH_ngtdm_Complexity
1128,wavelet-HLH_ngtdm_Contrast
1129,wavelet-HLH_ngtdm_Strength
1130,wavelet-HHL_firstorder_10Percentile
1131,wavelet-HHL_firstorder_90Percentile
1132,wavelet-HHL_firstorder_Energy
1133,wavelet-HHL_firstorder_Entropy
1134,wavelet-HHL_firstorder_InterquartileRange
1135,wavelet-HHL_firstorder_Kurtosis
1136,wavelet-HHL_firstorder_Maximum
1137,wavelet-HHL_firstorder_MeanAbsoluteDeviation
1138,wavelet-HHL_firstorder_Mean
1139,wavelet-HHL_firstorder_Median
1140,wavelet-HHL_firstorder_Minimum
1141,wavelet-HHL_firstorder_Range
1142,wavelet-HHL_firstorder_RobustMeanAbsoluteDeviation
1143,wavelet-HHL_firstorder_RootMeanSquared
1144,wavelet-HHL_firstorder_Skewness
1145,wavelet-HHL_firstorder_TotalEnergy
1146,wavelet-HHL_firstorder_Uniformity
1147,wavelet-HHL_firstorder_Variance
1148,wavelet-HHL_glcm_Autocorrelation
1149,wavelet-HHL_glcm_ClusterProminence
1150,wavelet-HHL_glcm_ClusterShade
1151,wavelet-HHL_glcm_ClusterTendency
1152,wavelet-HHL_glcm_Contrast
1153,wavelet-HHL_glcm_Correlation
1154,wavelet-HHL_glcm_DifferenceAverage
1155,wavelet-HHL_glcm_DifferenceEntropy
1156,wavelet-HHL_glcm_DifferenceVariance
1157,wavelet-HHL_glcm_Id
1158,wavelet-HHL_glcm_Idm
1159,wavelet-HHL_glcm_Idmn
1160,wavelet-HHL_glcm_Idn
1161,wavelet-HHL_glcm_Imc1
1162,wavelet-HHL_glcm_Imc2
1163,wavelet-HHL_glcm_InverseVariance
1164,wavelet-HHL_glcm_JointAverage
1165,wavelet-HHL_glcm_JointEnergy
1166,wavelet-HHL_glcm_JointEntropy
1167,wavelet-HHL_glcm_MCC
1168,wavelet-HHL_glcm_MaximumProbability
1169,wavelet-HHL_glcm_SumAverage
1170,wavelet-HHL_glcm_SumEntropy
1171,wavelet-HHL_glcm_SumSquares
1172,wavelet-HHL_gldm_DependenceEntropy
1173,wavelet-HHL_gldm_DependenceNonUniformity
1174,wavelet-HHL_gldm_DependenceNonUniformityNormalized
1175,wavelet-HHL_gldm_DependenceVariance
1176,wavelet-HHL_gldm_GrayLevelNonUniformity
1177,wavelet-HHL_gldm_GrayLevelVariance
1178,wavelet-HHL_gldm_HighGrayLevelEmphasis
1179,wavelet-HHL_gldm_LargeDependenceEmphasis
1180,wavelet-HHL_gldm_LargeDependenceHighGrayLevelEmphasis
1181,wavelet-HHL_gldm_LargeDependenceLowGrayLevelEmphasis
1182,wavelet-HHL_gldm_LowGrayLevelEmphasis
1183,wavelet-HHL_gldm_SmallDependenceEmphasis
1184,wavelet-HHL_gldm_SmallDependenceHighGrayLevelEmphasis
1185,wavelet-HHL_gldm_SmallDependenceLowGrayLevelEmphasis
1186,wavelet-HHL_glrlm_GrayLevelNonUniformity
1187,wavelet-HHL_glrlm_GrayLevelNonUniformityNormalized
1188,wavelet-HHL_glrlm_GrayLevelVariance
1189,wavelet-HHL_glrlm_HighGrayLevelRunEmphasis
1190,wavelet-HHL_glrlm_LongRunEmphasis
1191,wavelet-HHL_glrlm_LongRunHighGrayLevelEmphasis
1192,wavelet-HHL_glrlm_LongRunLowGrayLevelEmphasis
1193,wavelet-HHL_glrlm_LowGrayLevelRunEmphasis
1194,wavelet-HHL_glrlm_RunEntropy
1195,wavelet-HHL_glrlm_RunLengthNonUniformity
1196,wavelet-HHL_glrlm_RunLengthNonUniformityNormalized
1197,wavelet-HHL_glrlm_RunPercentage
1198,wavelet-HHL_glrlm_RunVariance
1199,wavelet-HHL_glrlm_ShortRunEmphasis
1200,wavelet-HHL_glrlm_ShortRunHighGrayLevelEmphasis
1201,wavelet-HHL_glrlm_ShortRunLowGrayLevelEmphasis
1202,wavelet-HHL_glszm_GrayLevelNonUniformity
1203,wavelet-HHL_glszm_GrayLevelNonUniformityNormalized
1204,wavelet-HHL_glszm_GrayLevelVariance
1205,wavelet-HHL_glszm_HighGrayLevelZoneEmphasis
1206,wavelet-HHL_glszm_LargeAreaEmphasis
1207,wavelet-HHL_glszm_LargeAreaHighGrayLevelEmphasis
1208,wavelet-HHL_glszm_LargeAreaLowGrayLevelEmphasis
1209,wavelet-HHL_glszm_LowGrayLevelZoneEmphasis
1210,wavelet-HHL_glszm_SizeZoneNonUniformity
1211,wavelet-HHL_glszm_SizeZoneNonUniformityNormalized
1212,wavelet-HHL_glszm_SmallAreaEmphasis
1213,wavelet-HHL_glszm_SmallAreaHighGrayLevelEmphasis
1214,wavelet-HHL_glszm_SmallAreaLowGrayLevelEmphasis
1215,wavelet-HHL_glszm_ZoneEntropy
1216,wavelet-HHL_glszm_ZonePercentage
1217,wavelet-HHL_glszm_ZoneVariance
1218,wavelet-HHL_ngtdm_Busyness
1219,wavelet-HHL_ngtdm_Coarseness
1220,wavelet-HHL_ngtdm_Complexity
1221,wavelet-HHL_ngtdm_Contrast
1222,wavelet-HHL_ngtdm_Strength
1223,wavelet-HHH_firstorder_10Percentile
1224,wavelet-HHH_firstorder_90Percentile
1225,wavelet-HHH_firstorder_Energy
1226,wavelet-HHH_firstorder_Entropy
1227,wavelet-HHH_firstorder_InterquartileRange
1228,wavelet-HHH_firstorder_Kurtosis
1229,wavelet-HHH_firstorder_Maximum
1230,wavelet-HHH_firstorder_MeanAbsoluteDeviation
1231,wavelet-HHH_firstorder_Mean
1232,wavelet-HHH_firstorder_Median
1233,wavelet-HHH_firstorder_Minimum
1234,wavelet-HHH_firstorder_Range
1235,wavelet-HHH_firstorder_RobustMeanAbsoluteDeviation
1236,wavelet-HHH_firstorder_RootMeanSquared
1237,wavelet-HHH_firstorder_Skewness
1238,wavelet-HHH_firstorder_TotalEnergy
1239,wavelet-HHH_firstorder_Uniformity
1240,wavelet-HHH_firstorder_Variance
1241,wavelet-HHH_glcm_Autocorrelation
1242,wavelet-HHH_glcm_ClusterProminence
1243,wavelet-HHH_glcm_ClusterShade
1244,wavelet-HHH_glcm_ClusterTendency
1245,wavelet-HHH_glcm_Contrast
1246,wavelet-HHH_glcm_Correlation
1247,wavelet-HHH_glcm_DifferenceAverage
1248,wavelet-HHH_glcm_DifferenceEntropy
1249,wavelet-HHH_glcm_DifferenceVariance
1250,wavelet-HHH_glcm_Id
1251,wavelet-HHH_glcm_Idm
1252,wavelet-HHH_glcm_Idmn
1253,wavelet-HHH_glcm_Idn
1254,wavelet-HHH_glcm_Imc1
1255,wavelet-HHH_glcm_Imc2
1256,wavelet-HHH_glcm_InverseVariance
1257,wavelet-HHH_glcm_JointAverage
1258,wavelet-HHH_glcm_JointEnergy
1259,wavelet-HHH_glcm_JointEntropy
1260,wavelet-HHH_glcm_MCC
1261,wavelet-HHH_glcm_MaximumProbability
1262,wavelet-HHH_glcm_SumAverage
1263,wavelet-HHH_glcm_SumEntropy
1264,wavelet-HHH_glcm_SumSquares
1265,wavelet-HHH_gldm_DependenceEntropy
1266,wavelet-HHH_gldm_DependenceNonUniformity
1267,wavelet-HHH_gldm_DependenceNonUniformityNormalized
1268,wavelet-HHH_gldm_DependenceVariance
1269,wavelet-HHH_gldm_GrayLevelNonUniformity
1270,wavelet-HHH_gldm_GrayLevelVariance
1271,wavelet-HHH_gldm_HighGrayLevelEmphasis
1272,wavelet-HHH_gldm_LargeDependenceEmphasis
1273,wavelet-HHH_gldm_LargeDependenceHighGrayLevelEmphasis
1274,wavelet-HHH_gldm_LargeDependenceLowGrayLevelEmphasis
1275,wavelet-HHH_gldm_LowGrayLevelEmphasis
1276,wavelet-HHH_gldm_SmallDependenceEmphasis
1277,wavelet-HHH_gldm_SmallDependenceHighGrayLevelEmphasis
1278,wavelet-HHH_gldm_SmallDependenceLowGrayLevelEmphasis
1279,wavelet-HHH_glrlm_GrayLevelNonUniformity
1280,wavelet-HHH_glrlm_GrayLevelNonUniformityNormalized
1281,wavelet-HHH_glrlm_GrayLevelVariance
1282,wavelet-HHH_glrlm_HighGrayLevelRunEmphasis
1283,wavelet-HHH_glrlm_LongRunEmphasis
1284,wavelet-HHH_glrlm_LongRunHighGrayLevelEmphasis
1285,wavelet-HHH_glrlm_LongRunLowGrayLevelEmphasis
1286,wavelet-HHH_glrlm_LowGrayLevelRunEmphasis
1287,wavelet-HHH_glrlm_RunEntropy
1288,wavelet-HHH_glrlm_RunLengthNonUniformity
1289,wavelet-HHH_glrlm_RunLengthNonUniformityNormalized
1290,wavelet-HHH_glrlm_RunPercentage
1291,wavelet-HHH_glrlm_RunVariance
1292,wavelet-HHH_glrlm_ShortRunEmphasis
1293,wavelet-HHH_glrlm_ShortRunHighGrayLevelEmphasis
1294,wavelet-HHH_glrlm_ShortRunLowGrayLevelEmphasis
1295,wavelet-HHH_glszm_GrayLevelNonUniformity
1296,wavelet-HHH_glszm_GrayLevelNonUniformityNormalized
1297,wavelet-HHH_glszm_GrayLevelVariance
1298,wavelet-HHH_glszm_HighGrayLevelZoneEmphasis
1299,wavelet-HHH_glszm_LargeAreaEmphasis
1300,wavelet-HHH_glszm_LargeAreaHighGrayLevelEmphasis
1301,wavelet-HHH_glszm_LargeAreaLowGrayLevelEmphasis
1302,wavelet-HHH_glszm_LowGrayLevelZoneEmphasis
1303,wavelet-HHH_glszm_SizeZoneNonUniformity
1304,wavelet-HHH_glszm_SizeZoneNonUniformityNormalized
1305,wavelet-HHH_glszm_SmallAreaEmphasis
1306,wavelet-HHH_glszm_SmallAreaHighGrayLevelEmphasis
1307,wavelet-HHH_glszm_SmallAreaLowGrayLevelEmphasis
1308,wavelet-HHH_glszm_ZoneEntropy
1309,wavelet-HHH_glszm_ZonePercentage
1310,wavelet-HHH_glszm_ZoneVariance
1311,wavelet-HHH_ngtdm_Busyness
1312,wavelet-HHH_ngtdm_Coarseness
1313,wavelet-HHH_ngtdm_Complexity
1314,wavelet-HHH_ngtdm_Contrast
1315,wavelet-HHH_ngtdm_Strength
1316,wavelet-LLL_firstorder_10Percentile
1317,wavelet-LLL_firstorder_90Percentile
1318,wavelet-LLL_firstorder_Energy
1319,wavelet-LLL_firstorder_Entropy
1320,wavelet-LLL_firstorder_InterquartileRange
1321,wavelet-LLL_firstorder_Kurtosis
1322,wavelet-LLL_firstorder_Maximum
1323,wavelet-LLL_firstorder_MeanAbsoluteDeviation
1324,wavelet-LLL_firstorder_Mean
1325,wavelet-LLL_firstorder_Median
1326,wavelet-LLL_firstorder_Minimum
1327,wavelet-LLL_firstorder_Range
1328,wavelet-LLL_firstorder_RobustMeanAbsoluteDeviation
1329,wavelet-LLL_firstorder_RootMeanSquared
1330,wavelet-LLL_firstorder_Skewness
1331,wavelet-LLL_firstorder_TotalEnergy
1332,wavelet-LLL_firstorder_Uniformity
1333,wavelet-LLL_firstorder_Variance
1334,wavelet-LLL_glcm_Autocorrelation
1335,wavelet-LLL_glcm_ClusterProminence
1336,wavelet-LLL_glcm_ClusterShade
1337,wavelet-LLL_glcm_ClusterTendency
1338,wavelet-LLL_glcm_Contrast
1339,wavelet-LLL_glcm_Correlation
1340,wavelet-LLL_glcm_DifferenceAverage
1341,wavelet-LLL_glcm_DifferenceEntropy
1342,wavelet-LLL_glcm_DifferenceVariance
1343,wavelet-LLL_glcm_Id
1344,wavelet-LLL_glcm_Idm
1345,wavelet-LLL_glcm_Idmn
1346,wavelet-LLL_glcm_Idn
1347,wavelet-LLL_glcm_Imc1
1348,wavelet-LLL_glcm_Imc2
1349,wavelet-LLL_glcm_InverseVariance
1350,wavelet-LLL_glcm_JointAverage
1351,wavelet-LLL_glcm_JointEnergy
1352,wavelet-LLL_glcm_JointEntropy
1353,wavelet-LLL_glcm_MCC
1354,wavelet-LLL_glcm_MaximumProbability
1355,wavelet-LLL_glcm_SumAverage
1356,wavelet-LLL_glcm_SumEntropy
1357,wavelet-LLL_glcm_SumSquares
1358,wavelet-LLL_gldm_DependenceEntropy
1359,wavelet-LLL_gldm_DependenceNonUniformity
1360,wavelet-LLL_gldm_DependenceNonUniformityNormalized
1361,wavelet-LLL_gldm_DependenceVariance
1362,wavelet-LLL_gldm_GrayLevelNonUniformity
1363,wavelet-LLL_gldm_GrayLevelVariance
1364,wavelet-LLL_gldm_HighGrayLevelEmphasis
1365,wavelet-LLL_gldm_LargeDependenceEmphasis
1366,wavelet-LLL_gldm_LargeDependenceHighGrayLevelEmphasis
1367,wavelet-LLL_gldm_LargeDependenceLowGrayLevelEmphasis
1368,wavelet-LLL_gldm_LowGrayLevelEmphasis
1369,wavelet-LLL_gldm_SmallDependenceEmphasis
1370,wavelet-LLL_gldm_SmallDependenceHighGrayLevelEmphasis
1371,wavelet-LLL_gldm_SmallDependenceLowGrayLevelEmphasis
1372,wavelet-LLL_glrlm_GrayLevelNonUniformity
1373,wavelet-LLL_glrlm_GrayLevelNonUniformityNormalized
1374,wavelet-LLL_glrlm_GrayLevelVariance
1375,wavelet-LLL_glrlm_HighGrayLevelRunEmphasis
1376,wavelet-LLL_glrlm_LongRunEmphasis
1377,wavelet-LLL_glrlm_LongRunHighGrayLevelEmphasis
1378,wavelet-LLL_glrlm_LongRunLowGrayLevelEmphasis
1379,wavelet-LLL_glrlm_LowGrayLevelRunEmphasis
1380,wavelet-LLL_glrlm_RunEntropy
1381,wavelet-LLL_glrlm_RunLengthNonUniformity
1382,wavelet-LLL_glrlm_RunLengthNonUniformityNormalized
1383,wavelet-LLL_glrlm_RunPercentage
1384,wavelet-LLL_glrlm_RunVariance
1385,wavelet-LLL_glrlm_ShortRunEmphasis
1386,wavelet-LLL_glrlm_ShortRunHighGrayLevelEmphasis
1387,wavelet-LLL_glrlm_ShortRunLowGrayLevelEmphasis
1388,wavelet-LLL_glszm_GrayLevelNonUniformity
1389,wavelet-LLL_glszm_GrayLevelNonUniformityNormalized
1390,wavelet-LLL_glszm_GrayLevelVariance
1391,wavelet-LLL_glszm_HighGrayLevelZoneEmphasis
1392,wavelet-LLL_glszm_LargeAreaEmphasis
1393,wavelet-LLL_glszm_LargeAreaHighGrayLevelEmphasis
1394,wavelet-LLL_glszm_LargeAreaLowGrayLevelEmphasis
1395,wavelet-LLL_glszm_LowGrayLevelZoneEmphasis
1396,wavelet-LLL_glszm_SizeZoneNonUniformity
1397,wavelet-LLL_glszm_SizeZoneNonUniformityNormalized
1398,wavelet-LLL_glszm_SmallAreaEmphasis
1399,wavelet-LLL_glszm_SmallAreaHighGrayLevelEmphasis
1400,wavelet-LLL_glszm_SmallAreaLowGrayLevelEmphasis
1401,wavelet-LLL_glszm_ZoneEntropy
1402,wavelet-LLL_glszm_ZonePercentage
1403,wavelet-LLL_glszm_ZoneVariance
1404,wavelet-LLL_ngtdm_Busyness
1405,wavelet-LLL_ngtdm_Coarseness
1406,wavelet-LLL_ngtdm_Complexity
1407,wavelet-LLL_ngtdm_Contrast
1408,wavelet-LLL_ngtdm_Strength
